report_date,local_today,crawl_time_local,screen_index,scroll_top,scroll_height,client_height,image_path,ocr_json,ocr_txt,ocr_joined_text
2026-04-17,2026-04-17,2026-04-17 01:16:35,0,0,35984,820,output_mwr_ocr/2026-04-17/screens/2026-04-17_20260417_011635_screen_000.png,output_mwr_ocr/2026-04-17/ocr_json/2026-04-17_20260417_011635_screen_000.json,output_mwr_ocr/2026-04-17/ocr_txt/2026-04-17_20260417_011635_screen_000.txt,珠江 | 广东 | 西枝江 | 白盆珠 | 04-1708:00 | 64.95 | -0.02 | 珠江 | 广东 | 二渡河 | 上板桥 | 04-1708:00 | 265.06 | 0.13 | 珠江 | 广东 | 东江 | 七水库 | 04-1708:00 | 78.6 | -0.03 | 珠江 | 广东 | 东江 | 红花湖 | 04-1708:00 | 53.21 | -0.01 | 珠江 | 广东 | 黄沙水 | 同沙 | 04-1708:00 | 15.61 | 0.02 | 珠江 | 广东 | 横岭水 | 鸡心石 | 04-1708:00 | 49.45 | -0.05 | 珠江 | 广东 | 稿树下水 | 稿树下 | 04-17 08:00 | 57.18 | -0.14 | 珠江 | 广东 | 里波水 | 联和 | 04-1708:00 | 46.17 | -0.02 | 珠江 | 广东 | 增江 | 天堂山 | 04-1708:00 | 137.34 | -0.09 | 流溪河 | 广东 | 流溪河 | 流溪河 | 04-17 08:00 | 225.18 | 0.03 | 流溪河 | 广东 | 天湖水库水 | 天湖 | 04-17 08:00 | 229.01 | 0.05 | 流溪河 | 广东 | 沙坑 | 和龙 | 04-1708:00 | 34.41 | 珠江 | 广东 | 沙河 | 显岗 | 04-17 08:00 | 20.14 | -0.04 | 流溪河 | 广东 | 流溪河 | 黄龙带 | 04-1708:00 | 160.84 | 珠江 | 广东 | 茅洲河 | 罗田 | 04-17 08:00 | 29.65 | -0.05 | 珠江 | 广东 | 西乡水 | 铁岗 | 04-1708:00 | 22.22 | -0.07 | 珠江 | 广东 | 南头河 | 西沥 | 01-21 08:00 | 27.34 | 珠江 | 广东 | 深圳水 | 深圳 | 04-1708:00 | 27.23 | 0.01 | 珠江 | 广东 | 新洲河 | 梅林 | 04-17 08:00 | 49.55 | -0.01 | 珠江 | 广东 | 龙岗河 | 松子坑 | 04-1708:00 | 58.97 | -0.14 | 珠江 | 广东 | 莲塘水 | 宝鸭仔 | 04-17 08:00 | 30.43 | -0.04 | 珠江 | 广东 | 沙坪水 | 四堡 | 04-1708:00 | 64.31 | -0.09 | 珠江 | 广东 | 小隐涌 | 长江 | 04-17 08:00 | 22.58 | -0.04 | 珠江 | 广东 | 潭江 | 锦江 | 04-1708:00 | 84.47 | -0.08 | 珠江 | 广东 | 鹤洲水 | 大沙河 | 04-17 08:00 | 30.18 | -0.08
2026-04-17,2026-04-17,2026-04-17 01:16:35,1,763,35144,820,output_mwr_ocr/2026-04-17/screens/2026-04-17_20260417_011635_screen_001.png,output_mwr_ocr/2026-04-17/ocr_json/2026-04-17_20260417_011635_screen_001.json,output_mwr_ocr/2026-04-17/ocr_txt/2026-04-17_20260417_011635_screen_001.txt,珠江 | 广东 | 镇海水 | 镇海 | 04-1708:00 | 22.85 | 珠江 | 广东 | 大镜山溪 | 大镜山 | 04-17 08:00 | 16.55 | -0.04 | 韩江 | 广东 | 五华河 | 益塘 | 04-1708:00 | 145.28 | -0.09 | 韩江 | 广东 | 和山河 | 和山岩 | 04-17 08:00 | 151.79 | 0.08 | 韩江 | 福建 | 汀江 | 棉花滩水库 | 04-1708:00 | 159.27 | -0.4 | 韩江 | 广东 | 汀江 | 青溪 | 04-1708:00 | 72.03 | -0.02 | 韩江 | 广东 | 程江 | 梅西 | 04-1708:00 | 164.11 | -0.18 | 韩江 | 广东 | 凤凰溪 | 凤溪 | 04-1708:00 | 407.99 | -0.05 | 粤东沿海诸河 | 广东 | 五经富水 | 龙颈（上） | 04-1708:00 | 88.72 | 0.05 | 粤东沿海诸河 | 广东 | 五经富水 | 龙颈(下) | 04-1708:00 | 53.16 | -0.17 | 粤东沿海诸河 | 广东 | 小龙溪 | 小龙溪 | 04-1708:00 | 52.77 | −0.08 | 粤东沿海诸河 | 广东 | 龙溪水 | 龙溪一级 | 04-1708:00 | 171.6 | -0.06 | 粤东沿海诸河 | 广东 | 龙溪水 | 龙溪二级 | 04-1708:00 | 58.78 | -0.17 | 粤东沿海诸河 | 广东 | 锣鼓水 | 红场 | 04-1708:00 | 241.78 | -0.18 | 粤东沿海诸河 | 广东 | 金溪河 | 上金溪 | 04-1708:00 | 85.75 | -0.07 | 粤东沿海诸河 | 广东 | 三坑溪 | 上三坑 | 04-1708:00 | 152.95 | 一 | 粤东沿海诸河 | 广东 | 练江 | 白沙溪 | 04-1708:00 | 365.2 | -0.1 | 粤东沿海诸河 | 广东 | 雷岭河 | 镇北 | 04-17 08:00 | 44.16 | -0.02 | 粤东沿海诸河 | 广东 | 雷岭河 | 蜈蚣岭 | 04-1708:00 | 45.57 | -0.04 | 粤东沿海诸河 | 广东 | 黄江 | 朝面山 | 04-17 08:00 | 194.72 | -0.26 | 粤东沿海诸河 | 广东 | 横江水 | 横江 | 04-17 08:00 | 65.47 | -0.06 | 粤东沿海诸河 | 广东 | 练江 | 汤坑 | 04-17 08:00 | 48.35 | -0.25 | 粤东沿海诸河 | 广东 | 练江 | 秋风岭 | 04-1708:00 | 34.75 | 0.02 | 粤东沿海诸河 | 广东 | 龙江 | 龙潭 | 04-17 08:00 | 63.44 | -0.06 | 粤东沿海诸河 | 广东 | 罗溪 | 石榴潭 | 04-1708:00 | 33.73 | -0.04
2026-04-17,2026-04-17,2026-04-17 01:16:35,2,1526,34287,820,output_mwr_ocr/2026-04-17/screens/2026-04-17_20260417_011635_screen_002.png,output_mwr_ocr/2026-04-17/ocr_json/2026-04-17_20260417_011635_screen_002.json,output_mwr_ocr/2026-04-17/ocr_txt/2026-04-17_20260417_011635_screen_002.txt,粤东沿海诸河 | 广东 | 黄江 | 公平 | 04-1708:00 | 12.72 | –0.04 | 粤东沿海诸河 | 广东 | 大液河 | 黄山洞 | 04-1708:00 | 45.19 | -0.03 | 粤东沿海诸河 | 广东 | 新西河 | 新西河 | 04-17 08:00 | 34.09 | -0.02 | 珠江 | 广东 | 大隆洞河 | 大隆洞 | 04-1708:00 | 24.85 | -0.09 | 鉴江 | 广东 | 小水河 | 高城 | 04-1708:00 | 130.24 | 鉴江 | 广东 | 六雅河 | 尚文 | 04-1708:00 | 102.98 | -0.08 | 鉴江 | 广东 | 大井河 | 良德水库（大坝） | 04-1708:00 | 80.59 | -0.06 | 鉴江 | 广东 | 庙背水 | 罗坑 | 04-1708:00 | 107.85 | -0.05 | 鉴江 | 广东 | 袂花江 | 黄沙 | 04-17 08:00 | 113.64 | -0.13 | 粤西沿海诸河 | 广东 | 东运河 | 西湖 | 04-1708:00 | 12.85 | -0.03 | 粤西沿海诸河 | 广东 | 龙门河 | 龙门 | 04-1708:00 | 54.15 | -0.02 | 粤西沿海诸河 | 广东 | 大水桥河 | 大水桥 | 04-1708:00 | 55.36 | -0.03 | 粤西沿海诸河 | 广东 | 九洲江 | 鹤地水库（大坝） | 04-17 08:00 | 36.27 | -0.03 | 粤西沿海诸河 | 广东 | 武陵河 | 武陵 | 04-1708:00 | 35.3 | -0.05 | 粤西沿海诸河 | 广东 | 沙铲河 | 岭背下 | 04-17 08:00 | 39.74 | -0.03 | 粤西沿海诸河 | 广东 | 沙铲河 | 仙人域 | 04-1708:00 | 35.07 | 0.05 | 珠江 | 广东 | 漠阳江 | 北河 | 04-17 08:00 | 84.17 | -0.09 | 珠江 | 广东 | 那龙河 | 东湖 | 04-1708:00 | 26.79 | -0.04 | 珠江 | 广东 | 洋边河 | 茅 | 04-17 08:00 | 25.49 | -0.04 | 珠江 | 广东 | 儒洞河 | 陂底 | 04-1708:00 | 35.83 | -0.06 | 南渡江 | 海南 | 南渡江 | 松涛水库 (南丰) | 04-17 08:00 | 184.68 | -0.05 | 万泉河 | 海南 | 万泉河 | 牛路岭水库 | 04-1708:00 | 95.25 | -0.47 | 太阳河 | 海南 | 太阳河 | 万宁水库 (大坝) | 04-17 08:00 | 19.15 | -0.01 | 藤桥河 | 海南 | 藤桥西河 | 赤田水库 | 04-1708:00 | 21.06 | -0.06 | 三亚河 | 海南 | 三亚河 | 福万水库 | 04-17 08:00 | 119 | -0.04
2026-04-17,2026-04-17,2026-04-17 01:16:35,3,2288,33412,820,output_mwr_ocr/2026-04-17/screens/2026-04-17_20260417_011635_screen_003.png,output_mwr_ocr/2026-04-17/ocr_json/2026-04-17_20260417_011635_screen_003.json,output_mwr_ocr/2026-04-17/ocr_txt/2026-04-17_20260417_011635_screen_003.txt,兰亚河 | 海南 | 三亚河 | 半岭水库 | 04-1708:00 | 47.84 | -0.04 | 三亚河 | 海南 | 三亚河 | 水源池水库 | 04-1708:00 | 39.54 | 0.12 | 宁远河 | 海南 | 宁远河 | 抱古水库 | 04-1708:00 | 45.73 | -0.03 | 宁远河 | 海南 | 宁远河 | 大隆水库 | 04-1708:00 | 53.04 | -0.12 | 望楼河 | 海南 | 望楼河 | 长茅水库 | 04-1708:00 | 153.77 | -0.03 | 望楼河 | 海南 | 望楼河 | 石门水库 | 04-1708:00 | 39.93 | -0.13 | 罗带河 | 海南 | 罗带河 | 高坡岭水库 | 04-1708:00 | 27.63 | -0.05 | 昌化江 | 海南 | 昌化江 | 大广坝水库 | 04-1708:00 | 123.91 | -0.07 | 昌化江 | 海南 | 石碌河 | 石碌水库 | 04-1708:00 | 121.42 | -0.07 | 浙闽台河流 | 浙江 | 剡江 | 亭下水库 | 04-1708:00 | 65.09 | 0.11 | 淮河 | 山东 | 北沙河 | 马河水库 | 04-1108:00 | 107.15 | 淮河 | 山东 | 西河 | 周村水库 | 04-1108:00 | 123.63 | 淮河 | 河南 | 汝河 | 宿鸭湖 | 04-1708:00 | 52.12 | 内陆河 | 甘肃 | 大堵马河 | 瓦房城水库 | 04-1708:00 | 2385.44 | -0.15 | 海河 | 河北 | 滏阳河 | 东武仕水库（坝上） | 04-1708:00 | 107.01 | -0.02 | 海河 | 河南 | 石门河 | 石门水库 | 04-16 08:00 | 301.07 | 海河 | 河南 | 沧河 | 塔岗 | 04-1608:00 | 175.33 | 海河 | 河南 | 安阳河 | 彰武 | 04-16 08:00 | 128.07 | 一 | 黄河 | 青海 | 大南川河 | 大南川 | 04-1108:00 | 2621.55 | 松花江流域 | 吉林 | 松花江吉林段 | 白山 | 04-1708:00 | 403.45 | 0.12 | 黑龙江流域 | 黑龙江 | 嫩江 | 尼尔基坝上 | 04-1708:00 | 212.96 | 0.04 | 黑龙江流域 | 内蒙古 | 洮儿河 | 察尔森上 | 04-1708:00 | 358.71 | 0.01 | 嫩江 | 吉林 | 洮儿河 | 月亮湖 | 04-1108:00 | 130.95 | 辽河 | 吉林 | 东辽河 | 二龙山 | 04-1508:00 | 220.69 | 辽河 | 辽宁 | 柴河 | 柴河水库 | 04-1708:00 | 103.87 | -0.02
2026-04-17,2026-04-17,2026-04-17 01:16:35,4,3051,32624,820,output_mwr_ocr/2026-04-17/screens/2026-04-17_20260417_011635_screen_004.png,output_mwr_ocr/2026-04-17/ocr_json/2026-04-17_20260417_011635_screen_004.json,output_mwr_ocr/2026-04-17/ocr_txt/2026-04-17_20260417_011635_screen_004.txt,辽河 | 辽宁 | 清河 | 清河水库 | 04-1708:00 | 130.99 | 0.01 | 辽河 | 辽宁 | 柳河 | 闹德海 | 04-1708:00 | 181.28 | 0.03 | 辽河 | 辽宁 | 浑河 | 大伙房水库 | 04-1708:00 | 123.79 | -0.04 | 辽河 | 辽宁 | 太子河 | 观音阁水库 | 04-1708:00 | 251.68 | -0.05 | 辽河 | 辽宁 | 太子河 | 窝水库 | 04-1708:00 | 91.02 | 0.15 | 海河流域 | 海委 | 滦河 | 潘家口 | 04-1708:00 | 222.06 | 0.11 | 海河流域 | 海委 | 滦河 | 大黑汀 | 04-1708:00 | 130.94 | -0.23 | 海河 | 河北 | 青龙河 | 桃林口水库 | 04-1708:00 | 136.27 | -0.12 | 海河 | 河北 | 白洋淀 | 新安 | 07-1008:00 | 8.41 | 0.01 | 海河 | 河北 | 白洋淀 | 端村 | 07-1008:00 | 8.23 | -0.01 | 海河 | 河北 | 白洋淀 | 王家寨 | 07-10 08:00 | 7.25 | -0.01 | 海河 | 北京 | 白河 | 密云白河坝上 | 04-1708:00 | 152.76 | -0.03 | 海河 | 北京 | 永定河 | 官厅水库 | 04-17 08:00 | 476.84 | -0.01 | 海河 | 河北 | 白洋淀 | 十方院（白）（堰上） | 04-1708:00 | 8.38 | 0.02 | 海河 | 河北 | 滹沱河 | 岗南水库（坝上） | 04-17 08:00 | 196.06 | -0.01 | 海河 | 河北 | 滹沱河 | 黄壁庄水库(坝上） | 04-1708:00 | 112.55 | -0.18 | 海河流域 | 海委 | 漳河 | 岳城水库 (坝上) | 04-1708:00 | 143.08 | -0.02 | 黄河 | 河南 | 黄河 | 小浪底水库 | 04-1708:00 | 261.22 | -0.13 | 淮河 | 安徽 | 淠东干渠 | 安丰塘 | 04-1708:00 | 29.1 | -0.01 | 淮河 | 河南 | 浉河 | 南湾 | 04-1708:00 | 98.56 | 淮河 | 河南 | 汝河 | 板桥 | 04-17 08:00 | 110.92 | 淮河 | 河南 | 灌河 | 鲇鱼山 | 04-1708:00 | 102.19 | 0.02 | 淮河 | 河南 | 沙河 | 昭平台 | 04-17 08:00 | 164.97 | 0.01 | 淮河 | 河南 | 沙河 | 白山 | 04-1708:00 | 100 | 淮河 | 江苏 | 洪泽湖 | 洪泽湖 | 04-1708:00 | 13.47 | 0.03
2026-04-17,2026-04-17,2026-04-17 01:16:35,5,3813,31767,820,output_mwr_ocr/2026-04-17/screens/2026-04-17_20260417_011635_screen_005.png,output_mwr_ocr/2026-04-17/ocr_json/2026-04-17_20260417_011635_screen_005.json,output_mwr_ocr/2026-04-17/ocr_txt/2026-04-17_20260417_011635_screen_005.txt,淮河 | 江苏 | 骆马湖 | 骆马湖水库 | 04-1708:00 | 23.06 | 0.01 | 淮河 | 江苏 | 新术河 | 石梁河水库 | 04-1708:00 | 23.95 | -0.02 | 长江 | 湖北 | 长江 | 三峡 | 04-1708:00 | 165.32 | 0.03 | 长江 | 湖北 | 南河 | 寺坪 | 04-1708:00 | 309.16 | -0.01 | 长江 | 湖北 | 粉青河 | 马桥 | 04-1708:00 | 474.86 | -0.1 | 长江 | 湖北 | 黑清河 | 黑清河 | 04-1708:00 | 81.06 | 长江 | 湖南 | 资水 | 柘溪 | 04-1608:00 | 163.38 | 0.85 | 长江 | 湖南 | 沅水 | 五强溪 | 04-1708:00 | 105.54 | 0.62 | 长江 | 湖南 | 酉水 | 凤滩 | 04-1608:00 | 196.23 | 0.26 | 长江 | 湖南 | 溇水 | 江亚 | 04-17 08:00 | 219.28 | 0.3 | 长江 | 湖北 | 富水 | 富水 | 04-1708:00 | 50.71 | 0.03 | 长江 | 湖北 | 浠水 | 白莲河 | 04-17 08:00 | 99.26 | -0.04 | 长江 | 湖北 | 陆水 | 陆水水库 | 04-1708:00 | 50.3 | 0.19 | 长江 | 陕西 | 汉江 | 石泉 | 04-1708:00 | 405.31 | -0.13 | 长江 | 陕西 | 汉江 | 安康库 | 04-1708:00 | 314.6 | 0.2 | 长江 | 湖北 | 汉江 | 丹江口水库 | 04-17 08:00 | 161.61 | -0.05 | 长江流域 | 江西 | 赣江 | 万安水库 | 04-1708:00 | 87.48 | -0.08 | 长江流域 | 江西 | 抚河 | 廖坊 | 04-17 08:00 | 60.09 | 0.79 | 长江 | 江西 | 修河 | 柘林 | 04-1708:00 | 61.04 | 0.08 | 内陆 | 青海 | 巴音河 | 黑石山 | 04-11 08:00 | 3018.88 | 内陆河 | 青海 | 雪水河 | 温泉 | 04-1708:00 | 3953.62 | -0.01 | 内陆河 | 甘肃 | 疏勒河 | 双塔堡水库 | (坝上) | 04-17 08:00 | 1329.98 | 0.01 | 内陆河 | 甘肃 | 党河 | 党河水库 | （坝上） | 04-17 08:00 | 1427.4 | 0.07 | 内陆河 | 甘肃 | 马营河 | 李桥水库 (坝上） | 04-17 08:00 | 2175.7 | -0.03 | 内陆河 | 甘肃 | 洪水河 | 双树寺水库 | 04-1708:00 | 2478.02 | -0.13
2026-04-17,2026-04-17,2026-04-17 01:16:35,6,4576,30944,820,output_mwr_ocr/2026-04-17/screens/2026-04-17_20260417_011635_screen_006.png,output_mwr_ocr/2026-04-17/ocr_json/2026-04-17_20260417_011635_screen_006.json,output_mwr_ocr/2026-04-17/ocr_txt/2026-04-17_20260417_011635_screen_006.txt,内陆河 | 甘萧 | 讨赖河 | 鸳鸯池水库 | （坝上） | 04-1708:00 | 1320.59 | 内陆河 | 甘肃 | 石羊河 | 红崖山水库（坝上） | 04-1708:00 | 1482.25 | -0.02 | 闽江 | 福建 | 闽江 | 水口水库 | 04-1708:00 | 58.81 | 0.75 | 海河 | 河北 | 伊逊河 | 庙宫水库 | 04-1108:00 | 760.4 | 海河 | 河北 | 洋河 | 洋河水库 | 04-1708:00 | 55.13 | 0.02 | 海河 | 河北 | 陡河 | 陡河水库（坝上） | 04-1708:00 | 30.42 | -0.03 | 海河 | 天津 | 潮白新河 | 黄白桥上 | 04-1708:00 | 5.38 | -0.13 | 海河 | 天津 | 潮白新河 | 宁车沽上 | 04-1708:00 | 1.88 | 0.24 | 海河 | 河北 | 白河 | 云州水库 (坝上） | 04-1708:00 | 1027.44 | 0.13 | 海河 | 北京 | 白河 | 白河堡 | 04-1708:00 | 593.43 | -0.07 | 海河 | 北京 | 忙牛河 | 半城子水库 | 04-1708:00 | 252.49 | 0.02 | 海河 | 北京 | 安达木河 | 遥桥峪水库 | 04-1708:00 | 457.54 | -0.23 | 海河 | 北京 | 红门川 | 沙厂水库 | 04-1708:00 | 159.45 | -0.3 | 海河 | 北京 | 怀河 | 怀柔水库 | 04-1708:00 | 58.38 | 0.02 | 海河 | 北京 | 雁栖河 | 北台上水库 | 04-17 08:00 | 84.22 | -0.98 | 海河 | 北京 | 沙河 | 大水峪水库 | 04-1708:00 | 170.77 | 0.06 | 海河 | 北京 | 泃河 | 海子水库 | 04-1708:00 | 108.57 | 海河 | 北京 | 泃河 | 黄松峪水库 | 04-1708:00 | 199.18 | 0.01 | 海河 | 北京 | 泃河 | 西峪水库 | 04-1708:00 | 213.15 | 0.02 | 海河 | 天津 | 州河 | 于桥坝上 | 04-1708:00 | 19.77 | 0.03 | 海河 | 河北 | 还乡河 | 邱庄水库（坝上） | 04-1708:00 | 65.03 | 0.01 | 海河 | 北京 | 温榆河 | 十三陵水库 | 04-1708:00 | 90.57 | 0.18 | 海河 | 北京 | 东沙河 | 十三陵水库上池 | 04-1708:00 | 544.69 | -5.29 | 海河 | 北京 | 温榆河 | 桃峪口水库 | 04-1708:00 | 65.36 | -0.02 | 海河 | 北京 | 小清河 | 大宁水库 | 04-1708:00 | 50.8 | -0.02
2026-04-17,2026-04-17,2026-04-17 01:16:35,7,5338,30087,820,output_mwr_ocr/2026-04-17/screens/2026-04-17_20260417_011635_screen_007.png,output_mwr_ocr/2026-04-17/ocr_json/2026-04-17_20260417_011635_screen_007.json,output_mwr_ocr/2026-04-17/ocr_txt/2026-04-17_20260417_011635_screen_007.txt,海河 | 山西 | 桑干河 | 册由 | 04-1708:00 | 953.05 | 0.04 | 海河 | 北京 | 清水河 | 斋堂水库 | 04-1708:00 | 452.78 | 0.03 | 海河 | 河北 | 中易水 | 安格庄水库 | 04-1708:00 | 153.85 | 0.09 | 海河 | 河北 | 北易水 | 旺隆 | 04-1708:00 | 129.75 | 0.07 | 海河 | 河北 | 马头沟 | 马头 | 04-1708:00 | 138.13 | 0.04 | 海河 | 河北 | 垒子河 | 西累子 | 04-1708:00 | 62.37 | 海河 | 北京 | 刺猬河 | 崇青水库 | 04-1708:00 | 67.82 | 0.02 | 海河 | 河北 | 磁河 | 横山岭水库 (坝上) | 04-1708:00 | 232.13 | -0.09 | 海河 | 河北 | 沙河 | 王快水库 | 04-1708:00 | 192.67 | 0.01 | 海河 | 河北 | 郜河 | 口头水库 | 04-1708:00 | 199.62 | -0.01 | 海河 | 河北 | 唐河 | 西大洋水库 | 04-1708:00 | 133.47 | 0.01 | 海河 | 河北 | 界河 | 龙潭 | 04-1708:00 | 438.34 | 海河 | 河北 | 漕河 | 龙门水库 | 04-1708:00 | 121.73 | -0.06 | 海河 | 河北 | 沙河 | 野沟门水库 | 01-0108:00 | 374.16 | 海河 | 河北 | 沙河 | 朱庄水库 | 04-1708:00 | 240.55 | -0.03 | 海河 | 河北 | 泜河 | 临城水库 | 04-1708:00 | 119.47 | -0.03 | 海河 | 山西 | 松溪河 | 郭庄 | 04-1308:00 | 929.18 | 海河 | 天津 | 团泊洼 | 团泊洼水库 | 04-16 08:00 | 1.8 | 海河 | 河南 | 卫河 | 宝泉 | 04-1608:00 | 256.46 | - | 海河 | 河南 | 沧河 | 狮豹头 | 04–16 08:00 | 298.94 | 海河 | 河南 | 浙河 | 弓上 | 06-1008:00 | 482.12 | -0.73 | 海河 | 河南 | 汤河 | 汤河 | 04-16 08:00 | 111.88 | 海河 | 河南 | 通河 | 琵琶寺 | 04-1608:00 | 114.56 | 海河 | 河南 | 安阳河 | 小南海 | 04-17 08:00 | 163.44 | -0.1 | 海河 | 河南 | 粉红江 | 双泉 | 04-1608:00 | 140.92
2026-04-17,2026-04-17,2026-04-17 01:16:35,8,6101,29299,820,output_mwr_ocr/2026-04-17/screens/2026-04-17_20260417_011635_screen_008.png,output_mwr_ocr/2026-04-17/ocr_json/2026-04-17_20260417_011635_screen_008.json,output_mwr_ocr/2026-04-17/ocr_txt/2026-04-17_20260417_011635_screen_008.txt,海河 | 河南 | 露水河 | 南谷洞 | 04-1608:00 | 528.29 | 海河 | 山西 | 浊漳河南源 | 漳泽水库 | 04-0108:00 | 901.63 | 海河 | 山西 | 浊漳河北源 | 关河水库 | 04-0108:00 | 991.99 | 海河 | 山西 | 清漳西源 | 石匣 | 04-0108:00 | 1141.9 | 黄河 | 青海 | 黄河 | 龙羊峡 | 04-1708:00 | 2582.99 | -0.1 | 黄河 | 甘肃 | 黄河 | 刘家峡水库 | 04-1708:00 | 1733.31 | -0.15 | 黄河 | 宁夏 | 黄河 | 青铜峡水库 | 04-1708:00 | 1156 | 黄河 | 山西 | 黄河 | 万家寨上 | 04-1708:00 | 975 | -0.14 | 黄河 | 山西 | 黄河 | 天桥上 | 04-01 08:00 | 833 | 黄河 | 河南 | 黄河 | 史家滩 | 04-1708:00 | 316.39 | 0.13 | 黄河 | 青海 | 巴燕河 | 东大滩 | 04-1708:00 | 2982.69 | -0.06 | 黄河 | 陕西 | 杏子河 | 王瑶 | 04-1608:00 | 1179.26 | 黄河 | 陕西 | 西芦河 | 猪头山 | 11–01 08:00 | 1426 | 黄河 | 陕西 | 芦河 | 河口庙 | 04-1108:00 | 1147 | 黄河 | 陕西 | 榆溪河 | 尤家卵 | 04-17 08:00 | 1093.45 | 0.01 | 黄河 | 陕西 | 居水 | 薛峰 | 04-1708:00 | 605.32 | -0.02 | 黄河 | 河南 | 宏农涧河 | 窄口 | 04-17 08:00 | 637.61 | -0.08 | 黄河 |  | 汾河 | 汾河水库 | 04-1708:00 | 1123.6 | -0.04 | 黄河 | 山西 | 文峪河 | 文峪河水库 | 04-11 08:00 | 832.85 | 黄河 | 陕西 | 千河 | 冯家山 | 04-1108:00 | 708.38 | 黄河 | 陕西 | 漆水河 | 羊毛湾 | 04–16 08:00 | 636.68 | 黄河 | 陕西 | 黑河 | 金盆 | 04-1708:00 | 585.21 | -0.1 | 黄河 | 陕西 | 石砭峪 | 石砭峪 | 04-17 08:00 | 722.24 | -0.04 | 黄河 | 陕西 | 沮河 | 桃曲坡 | 04-1608:00 | 784.25 | 黄河 | 陕西 | 沈河 | 泷河 | 04-16 08:00 | 400.43
2026-04-17,2026-04-17,2026-04-17 01:16:35,9,6863,28442,820,output_mwr_ocr/2026-04-17/screens/2026-04-17_20260417_011635_screen_009.png,output_mwr_ocr/2026-04-17/ocr_json/2026-04-17_20260417_011635_screen_009.json,output_mwr_ocr/2026-04-17/ocr_txt/2026-04-17_20260417_011635_screen_009.txt,黄河 | 河南 | 枯河 | 唐岗 | 04-1608:00 | 117.49 | 黄河 | 河南 | 漭河 | 白墙 | 04-1608:00 | 125.3 | 黄河 | 山东 | 东平湖 | 东平湖老湖 | 04-1708:00 | 41.06 | 黄河 | 山东 | 瀛汶河 | 雪野水库 | 04-1708:00 | 231.92 | -0.04 | 黄河 | 山东 | 石汶河 | 黄前水库 | 04-1108:00 | 137.73 | 黄河 | 山东 | 大汶河南支 | 东周水库 | 04-1108:00 | 227.93 | 黄河 | 山东 | 光明河 | 光明水库 | 04-1108:00 | 88.03 | 黄河 | 河南 | 伊河 | 陆浑坝上 | 04-1708:00 | 317.38 | -0.06 | 黄河 | 河南 | 焦家川 | 青沟 | 04-1608:00 | 610.17 | 黄河 | 河南 | 刘涧河 | 陶花店 | 04–1608:00 | 131.76 | 黄河 | 河南 | 洛河 | 故县水库 | 04-1708:00 | 520.64 | -0.03 | 黄河 | 河南 | 甘水河 | 范店 | 04-16 08:00 | 325.85 | 黄河 | 陕西 | 南洛河 | 李村 | 10-2408:00 | 1035.36 | 黄河 | 河南 | 陈宅河 | 寺河 | 04–1608:00 | 401.37 | 黄河 | 河南 | 丹河 | 青天河 | 04-1608:00 | 353.3 | 淮河 | 山东 | 淄河 | 太河水库 | 04-1708:00 | 232.29 | -0.03 | 淮河 | 山东 | 弥河 | 冶源水库 | 04-1108:00 | 136.15 | 淮河 | 山东 | 白浪河 | 白浪河水库 | 04-1108:00 | 57.16 | 淮河 | 山东 | 潍河 | 墙齐水库（西库） | 04-1108:00 | 98.32 | 淮河 | 山东 | 汶河 | 高崖水库 | 04-1108:00 | 152.29 | 淮河 | 山东 | 大沽河 | 产芝水库 | 04-1108:00 | 71.97 | 淮河 | 山东 | 猪洞河 | 尹府水库 | 04-11 08:00 | 78.44 | 淮河 | 山东 | 白沙河 | 崂山水库 | 04-1108:00 | 49.2 | 淮河 | 山东 | 清洋河 | 门楼水库 | 04-11 08:00 | 28.52 | 淮河 | 山东 | 东母猪河 | 郭格庄水库 | 04-1108:00 | 80.96
2026-04-17,2026-04-17,2026-04-17 01:16:35,10,7626,27567,820,output_mwr_ocr/2026-04-17/screens/2026-04-17_20260417_011635_screen_010.png,output_mwr_ocr/2026-04-17/ocr_json/2026-04-17_20260417_011635_screen_010.json,output_mwr_ocr/2026-04-17/ocr_txt/2026-04-17_20260417_011635_screen_010.txt,淮河 | 山东 | 母猪河 | 米山水库 | 04-1108:00 | 26.29 | 淮河 | 山东 | 乳山河 | 龙角山水库 | 04-1108:00 | 37.82 | 淮河 | 山东 | 蚬河 | 沐浴水库 | 04-1108:00 | 80.94 | 淮河 | 河南 | 明河 | 红石嘴 | 04-1608:00 | 125.99 | 淮河 | 河南 | 小潢河 | 石山口 | 04-1708:00 | 77.34 | -0.02 | 淮河 | 河南 | 青龙河 | 五岳 | 04-1708:00 | 85.32 | 0.02 | 淮河 | 河南 | 田铺河 | 香山 | 04-16 08:00 | 157.09 | 淮河 | 湖北 | 界河 | 花山 | 04-1708:00 | 228.03 | 0.01 | 淮河 | 湖北 | 界河 | 飞沙河 | 04-1708:00 | 171.77 | -0.03 | 淮河 | 河南 | 小潢河 | 小龙山 | 04-16 08:00 | 53.74 | 淮河 | 河南 | 滚河 | 石漫滩 | 04-1708:00 | 106.2 | 淮河 | 河南 | 大沙河 | 火石山 | 04-1608:00 | 150.36 | 淮河 | 河南 | 黄溪河 | 老河 | 04–16 08:00 | 117.09 | 淮河 | 河南 | 臻头河 | 薄山 | 04-1708:00 | 112.44 | -0.03 | 淮河 | 安徽 | 史河 | 梅山 | 04-17 08:00 | 122.5 | 0.04 | 淮河 | 河南 | 颍河 | 白沙 | 04-1708:00 | 224.16 | -0.02 | 淮河 | 河南 | 澎河 | 澎河 | 04-16 08:00 | 146.23 | 淮河 | 河南 | 澧河 | 孤石滩 | 04-1708:00 | 150.72 | 0.01 | 淮河 | 河南 | 贾峪河 | 常庄 | 04–16 08:00 | 127.82 | 淮河 | 河南 | 索河 | 丁店 | 04-16 08:00 | 171.15 | 淮河 | 河南 | 双洎河 | 李湾 | 04–16 08:00 | 326.9 | 淮河 | 安徽 | 淠河东源 | 佛子岭 | 04-1708:00 | 123.19 | -0.01 | 淮河 | 安徽 | 淠河西源 | 响洪甸 | 04-1708:00 | 122.78 | 0.02 | 淮河 | 山东 | 沂河 | 田庄水库 | 04-17 08:00 | 28.81 | 淮河 | 山东 | 东汶河 | 岸堤水库 | 04-1108:00 | 173.15
2026-04-17,2026-04-17,2026-04-17 01:16:35,11,8388,26692,820,output_mwr_ocr/2026-04-17/screens/2026-04-17_20260417_011635_screen_011.png,output_mwr_ocr/2026-04-17/ocr_json/2026-04-17_20260417_011635_screen_011.json,output_mwr_ocr/2026-04-17/ocr_txt/2026-04-17_20260417_011635_screen_011.txt,淮河 | 山东 | 浚河 | 唐村水库 | 04-1108:00 | 184.35 | 淮河 | 山东 | 温凉河 | 许家崖水库 | 04-1108:00 | 145.31 | 淮河 | 江苏 | 淋头河 | 阿湖水库站 | 04-1708:00 | 26.26 | -0.01 | 淮河 | 山东 | 沭河 | 沙沟水库 | 04-1108:00 | 66.27 | 淮河 | 山东 | 沭河 | 青峰岭水库 | 04-1108:00 | 159.25 | 淮河 | 江苏 | 厚镇河 | 安峰山水库 | 04-1708:00 | 16.92 | -0.01 | 淮河 | 山东 | 浔河 | 陡山水库 | 04-1108:00 | 125.07 | 淮河 | 山东 | 资邱河 | 杨庄水库 | 04-1108:00 | 163.44 | 淮河 | 山东 | 泗河 | 贺庄水库 | 04-1108:00 | 142.75 | 淮河 | 山东 | 黄沟河 | 华村水库 | 04–1308:00 | 146.5 | 淮河 | 山东 | 济河 | 龙湾套水库 | 04-1708:00 | 148.55 | -0.03 | 淮河 | 山东 | 小沂河 | 尼山水库 | 04-1108:00 | 119.78 | 淮河 | 山东 | 城河 | 岩马水库 | 04-1108:00 | 124.42 | 淮河 | 山东 | 西河 | 会宝岭水库(南） | 04-1108:00 | 74.85 | 淮河 | 山东 | 城河 | 户主水库 | 04-1108:00 | 122.61 | 淮河 | 山东 | 付疃河 | 日照 | 04-1108:00 | 38.64 | 淮河 | 江苏 | 青口河 | 小塔山水库 | 04-1708:00 | 31.84 | -0.01 | 长江 | 重庆 | 大洪河 | 大洪河 | 04-17 08:00 | 288.85 | 0.18 | 长江 | 重庆 | 龙溪河 | 狮子滩 | 04-1708:00 | 335.85 | 0.11 | 长江 | 重庆 | 龙河 | 石板水 | 04-1108:00 | 466.14 | 长江 | 甘肃 | 白龙江 | 碧口水库 | 04-1708:00 | 697.34 | −0.25 | 长江 | 贵州 | 乌江 | 乌江渡水电站 | 04-1708:00 | 743.96 | -0.5 | 长江 | 贵州 | 猫跳河 | 红枫水库 | 04-1708:00 | 1233.87 | -0.02 | 长江 | 贵州 | 猫跳河 | 百花水库 | 04-17 08:00 | 1190.62 | 0.01 | 长江 | 湖北 | 郁江 | 福宝山水库 | 04-1708:00 | 1469.99 | -0.1
2026-04-17,2026-04-17,2026-04-17 01:16:35,12,9151,25817,820,output_mwr_ocr/2026-04-17/screens/2026-04-17_20260417_011635_screen_012.png,output_mwr_ocr/2026-04-17/ocr_json/2026-04-17_20260417_011635_screen_012.json,output_mwr_ocr/2026-04-17/ocr_txt/2026-04-17_20260417_011635_screen_012.txt,长江 | 湖北 | 黄柏河 | 西北口水库 | 04-1708:00 | 315.42 | 0.05 | 长江 | 湖北 | 玛瑙河 | 白河水库 | 04-1708:00 | 167.67 | 长江 | 湖北 | 印河 | 跑马水库 | 04-1708:00 | 140.28 | 长江 | 湖北 | 漳河 | 李家州 | 04-1708:00 | 119.43 | -0.02 | 长江 | 湖北 | 花庙河 | 石子岭水库 | 04-1708:00 | 84.84 | 0.01 | 长江 | 湖北 | 长江 | 鲁家港水库 | 04-1708:00 | 79.12 | -0.01 | 长江 | 湖北 | 巩河 | 巩河水库 | 04-17 08:00 | 127.37 | -0.02 | 长江 | 湖北 | 清江 | 水布坪（坝上） | 04-1708:00 | 367.58 | 0.13 | 长江 | 湖北 | 清江 | 隔河岩(坝上) | 04-1708:00 | 195.88 | -0.26 | 长江 | 湖北 | 清江 | 高坝洲（坝上） | 04-1708:00 | 78.21 | 0.03 | 长江 | 湖北 | 车坝河 | 车坝水库 | 04-1708:00 | 727.04 | 长江 | 湖北 | 沮漳河 | 太湖港水库 | 04-1708:00 | 37.14 | 0.05 | 长江 | 湖南 | 江华水 | 涔天河 | 04-17 08:00 | 290.39 | -0.07 | 长江 | 湖南 | 湘江 | 双牌 | 04-1708:00 | 164.51 | -0.31 | 长江 | 湖南 | 舂陵水 | 欧阳海 | 04-17 08:00 | 126.67 | -0.01 | 长江 | 湖南 | 耒水 | 东江 | 04-1608:00 | 270.87 | 0.04 | 长江 | 湖南 | 攸水 | 酒埠江 | 04-17 08:00 | 157.83 | 0.64 | 长江 | 湖南 | 永乐江 | 青山龙 | 04-1708:00 | 236.39 | -0.09 | 长江 | 湖南 | 涟水 | 水府庙 | 04-1708:00 | 92.95 | 0.27 | 长江 | 湖南 | 沩水 | 黄材 | 04-1708:00 | 155.65 | 0.71 | 长江 | 湖南 | 涧江 | 官庄 | 04-17 08:00 | 118.56 | 0.64 | 珠江 | 广东 | 北江 | 飞来峡 | 04-1708:00 | 23.56 | 0.15 | 长江 | 湖北 | 新峡河 | 新峡水库 | 04-17 08:00 | 531.32 | 0.49 | 长江 | 湖南 | 白洋河 | 黄石 | 04-1708:00 | 81.82 | 0.2 | 长江 | 湖北 | 沧水 | 沧水水库 | 04-17 08:00 | 88.07 | -0.04
2026-04-17,2026-04-17,2026-04-17 01:16:35,13,9913,24977,820,output_mwr_ocr/2026-04-17/screens/2026-04-17_20260417_011635_screen_013.png,output_mwr_ocr/2026-04-17/ocr_json/2026-04-17_20260417_011635_screen_013.json,output_mwr_ocr/2026-04-17/ocr_txt/2026-04-17_20260417_011635_screen_013.txt,长江 | 湖北 | 界溪河 | 卷桥水库 | 04-1/08:00 | 48.79 | 0.01 | 长江 | 湖南 | 涔水 | 王家厂 | 04-1708:00 | 76.77 | -0.02 | 长江 | 湖北 | 新河 | 北河水库 | 04-1708:00 | 122.06 | 0.03 | 长江 | 湖北 | 湄港 | 雨山水库 | 04-1708:00 | 长江 | 湖北 | 三溪河 | 王英 | 04-1708:00 | 63.35 | 0.02 | 长江 | 湖北 | 泊漠河 | 院基寺 | 12-24 08:00 | 46.76 | 长江 | 湖北 | 栗树河 | 梅店 | 04-1708:00 | 60.24 | 0.01 | 长江 | 湖北 | 檀树岗河 | 檀树岗 | 04-1708:00 | 106.41 | 长江 | 湖北 | 张家河 | 八角庙 | 04-1708:00 | 114.14 | 长江 | 湖北 | 四马河 | 烟宝地 | 04-1708:00 | 113.09 | 长江 | 湖北 | 火莲畈 | 火莲畈 | 04-1708:00 | 78.56 | -0.04 | 长江 | 湖北 | 金沙河 | 金沙河 | 04-1708:00 | 67.25 | 长江 | 湖北 | 跳石河 | 大河铺 | 04-1708:00 | 153.94 | -0.01 | 长江 | 湖北 | 芭茅河 | 芭茅河 | 04-1708:00 | 116.81 | 0.03 | 长江 | 湖北 | 阎家河 | 三河口 | 04-1708:00 | 144.07 | 0.03 | 长江 | 湖北 | 白杲河 | 明山 | 04-1708:00 | 90.05 | 0.03 | 长江 | 湖北 | 浮桥河 | 浮桥河 | 04-1708:00 | 61.53 | 长江 | 湖北 | 杨家河 | 尾斗山 | 04-1708:00 | 62.64 | 0.01 | 长江 | 湖北 | 沙河 | 黑石嘴 | 04-1108:00 | 95.2 | 长江 | 湖北 | 沙河 | 道观河 | 04-1708:00 | 75.05 | 长江 | 湖北 | 新昌河 | 天堂 | 04-1708:00 | 288.43 | -0.08 | 长江 | 湖北 | 新昌河 | 天堂二级 | 04-1708:00 | 246.45 | -0.35 | 长江 | 湖北 | 西河 | 张家嘴 | 04-17 08:00 | 227.33 | 长江 | 湖北 | 蕲水 | 大同 | 04-17 08:00 | 115.31 | -0.01 | 长江 | 湖北 | 蕲水 | 花园 | 10-1508:00 | 87.43 | -0.14
2026-04-17,2026-04-17,2026-04-17 01:16:35,14,10676,24102,820,output_mwr_ocr/2026-04-17/screens/2026-04-17_20260417_011635_screen_014.png,output_mwr_ocr/2026-04-17/ocr_json/2026-04-17_20260417_011635_screen_014.json,output_mwr_ocr/2026-04-17/ocr_txt/2026-04-17_20260417_011635_screen_014.txt,长江 | 湖北 | 右门港 | 石门水库 | 04-1708:00 | 161.86 | 0.07 | 长江 | 湖北 | 长河 | 跨马墩 | 04-1708:00 | 170.83 | -0.01 | 长江 | 湖北 | 长河 | 凤凰关 | 04-1708:00 | 169.69 | 0.03 | 长江 | 湖北 | 巴水 | 牛车河 | 04-1708:00 | 72.15 | 长江 | 湖北 | 新桥河 | 鹞鹰岩 | 04-1708:00 | 45.06 | -0.01 | 长江 | 湖北 | 雷溪河 | 黄河厂 | 04-1708:00 | 82.29 | 0.02 | 长江 | 湖北 | 鲤港 | 阁壁 | 04-1708:00 | 156.97 | 0.02 | 长江 | 湖北 | 何家港 | 龙潭 | 04-1708:00 | 184.2 | 0.8 | 长江 | 湖北 | 陆马河 | 三湖连江 | 04-1708:00 | 26.56 | 长江 | 湖北 | 汀泗河 | 双石水库 | 04-1708:00 | 83.22 | -0.08 | 长江 | 湖北 | 淦河 | 南川 | 04-1708:00 | 100.09 | 0.08 | 长江 | 湖北 | 易家段河 | 百丈潭 | 04-1708:00 | 426.94 | 0.34 | 长江 | 湖北 | 黄水河 | 四门楼水库 | 04-17 08:00 | 83.59 | 0.03 | 长江 | 陕西 | 汉江 | 喜河 | 04-1708:00 | 360.39 | -0.53 | 长江 | 陕西 | 褒河 | 石门 | 04-11 08:00 | 615.62 | 长江 | 陕西 | 党水河 | 党河 | 04-11 08:00 | 528.77 | 长江 | 陕西 | 岚河 | 葡河口 | 04-17 08:00 | 492.38 | 0.91 | 长江 | 湖北 | 天惠河 | 土门 | 04-11 08:00 | 319.87 | 长江 | 湖北 | 堵河 | 黄龙滩 | 04-17 08:00 | 241.44 | -0.11 | 长江 | 湖北 | 竹溪河 | 竹溪河 | 04-11 08:00 | 495.9 | 长江 | 湖北 | 霍河 | 霍河 | 04-17 08:00 | 324.12 | 0.1 | 长江 | 湖北 | 浪河 | 浪河店 | 04-11 08:00 | 200.72 | 长江 | 湖北 | 北河 | 潭口 | 04-17 08:00 | 136.1 | -0.3 | 长江 | 湖北 | 南河 | 南河 | 04-1708:00 | 148.9 | 0.06 | 长江 | 湖北 | 红水河 | 红水河 | 10-26 08:00 | 117.18 | 0.03
2026-04-17,2026-04-17,2026-04-17 01:16:35,15,11438,23244,820,output_mwr_ocr/2026-04-17/screens/2026-04-17_20260417_011635_screen_015.png,output_mwr_ocr/2026-04-17/ocr_json/2026-04-17_20260417_011635_screen_015.json,output_mwr_ocr/2026-04-17/ocr_txt/2026-04-17_20260417_011635_screen_015.txt,13.05 | 200000-0 |  |  | 票 |  |  | 回 | 图回 |  | - | 11005 | 008010-00 | 10.0- | 000000-00 |  |  |  |  | 56.585 | 00:8010-00 | 甲 | 回 | 回 | 1 | 一 | 26221 | 10.0 | 10 | 000000-0 |  | 网 |  |  | 6055 | 00.8010-00 | 晨 | 雷二十 | 京 | 工 | 1213 | 00.8010-00 | 世 |  |  |  | 80.200 | 00.8090-00 | 甲本 |  | 回 | 工 | _ | 00.0- | 1S23 | 00.0020-00 | 只 | 盈 |  |  | 10- | 26.000 | 00.0000-00 |  | 回 | 回 | 工 | 980 | 00000-00 |  |  | 樂 |  | 11092 | 000010-00 | 二 | H | 显 | I | -- | 8020 | 00.0020-0 | 单 | $$ |  |  | 10.0 | 10100 | 00.0010-00 | 光 | 回来 | 非樂 | 工 | 0.0- | 111 | 200000-20 | 只子非 |  |  |  | 20.0- | 10200 | 00.000-00 | 回回 | 画 | 非联 | 工 | 100 | 200000-20 | 三 | IX |  |  | L00- | 3100 | 00.8020-00 | 回 |  | 非联 | 工 | 5000 | 2000-00 |  |  |  |  | 10.0 | 42.4 | 0000 20-00 |  |  | 非樂 | I | 303 | 000000-00 |  |  |  |  | 66090 | 200000-20 |  | 回凿 | 非联 | 工 | 00.0- | 16100 | 000010-00 | 回真三 |  |  |  | 10.0- | 10205 | 00:0000-00 | 世一回 | 回鼻 | 非联 | 工
2026-04-17,2026-04-17,2026-04-17 01:16:35,16,12201,22404,820,output_mwr_ocr/2026-04-17/screens/2026-04-17_20260417_011635_screen_016.png,output_mwr_ocr/2026-04-17/ocr_json/2026-04-17_20260417_011635_screen_016.json,output_mwr_ocr/2026-04-17/ocr_txt/2026-04-17_20260417_011635_screen_016.txt,长江 | 湖北 | 沙河 | 沙河 | 04-1708:00 | 166.56 | 长江 | 湖北 | 沙河 | 姚棚 | 04-1708:00 | 174.5 | 长江 | 湖北 | 沙河 | 马安山 | 12-06 08:00 | 149.77 | 0.01 | 长江 | 陕西 | 银花河 | 洛峪* | 04-1708:00 | 130.7 | 长江 | 湖北 | 官沟河 | 官沟 | 04-1708:00 | 85.04 | 长江 | 湖北 | 华阳河 | 华阳河 | 04-1708:00 | 140.4 | -0.01 | 长江 | 湖北 | 熊河 | 熊河 | 04-1708:00 | 120.58 | -0.01 | 长江 | 湖北 | 温水 | 大洪山 | 04-1708:00 | 171.21 | 长江 | 湖北 | 溠水 | 吴山 | 04-1708:00 | 188.48 | -0.03 | 长江 | 湖北 | 溠水 | 黑屋湾 | 04-1708:00 | 113.89 | -54.01 | 长江 | 湖北 | 罗河 | 罗河 | 04-1708:00 | 115.64 | 长江 | 湖北 | 封江口河 | 天河口 | 04-1608:00 | 183.17 | 0.1 | 长江 | 湖北 | 澴水支流，晏家河 | 观音岩 | 04-17 08:00 | 105.21 | -0.01 | 长江 | 湖北 | 浆溪店河 | 先觉庙 | 04-1708:00 | 101.64 | 长江 | 湖北 | 漂水 | 马鞍山 | 04-17 08:00 | 89.39 | -0.16 | 长江 | 湖北 | 两河口河 | 两河口 | 04-1708:00 | 119.53 | 长江 | 湖北 | 徐家河 | 徐家河 | 04-17 08:00 | 66 | -0.01 | 长江 | 湖北 | 温水支流，漳河 | 郑家河 | 04-17 08:00 | 92.01 | 0.02 | 长江 | 湖北 | 水东支上游 | 界牌 | 04-1708:00 | 128.42 | -0.01 | 长江 | 湖北 | 水支流，胡家河 | 芳畈 | 04-1708:00 | 79.75 | 0.02 | 长江 | 湖北 | 水支流，晏家河 | 金盆 | 04-17 08:00 | 68.28 | 0.03 | 长江 | 湖北 | 水支流，张家岗河 | 八汊洼 | 04-1708:00 | 46.12 | -0.02 | 长江 | 湖北 | 界河 | 滑石冲 | 04-1708:00 | 98.87 | 长江 | 湖北 | 寨子河 | 石门 | 04-1708:00 | 82.66 | 长江 | 湖北 | 司马河 | 石龙 | 04-17 08:00 | 58.1
2026-04-17,2026-04-17,2026-04-17 01:16:35,17,12963,21547,820,output_mwr_ocr/2026-04-17/screens/2026-04-17_20260417_011635_screen_017.png,output_mwr_ocr/2026-04-17/ocr_json/2026-04-17_20260417_011635_screen_017.json,output_mwr_ocr/2026-04-17/ocr_txt/2026-04-17_20260417_011635_screen_017.txt,长江 | 湖北 | 关门河 | 吴岭 | 04-1708:00 | 56.12 | 0.01 | 长江 | 湖北 | 鬼水 | 惠亭山 | 04-1708:00 | 79.69 | 长江 | 湖北 | 大富水 | 高关 | 04-1708:00 | 111.79 | 0.03 | 长江 | 湖北 | 广水河 | 霞家河 | 04-1708:00 | 110.16 | 长江流域 | 江西 | 云亭水 | 老营盘水库 | 04-1708:00 | 146.12 | 0.01 | 长江流域 | 江西 | 富田水 | 白云山水库 | 04-1708:00 | 172.69 | -0.01 | 长江流域 | 江西 | 牛吼江 | 南车水库 | 04-1708:00 | 152.05 | 0.21 | 长江流域 | 江西 | 泸水 | 社上水库 | 04-1708:00 | 167.9 | 0.27 | 长江流域 | 江西 | 袁水 | 江口 | 04-1708:00 | 69.06 | 0.25 | 长江流域 | 江西 | 尧市 | 飞剑潭一坝水库 | 04-1708:00 | 170.71 | 0.15 | 长江流域 | 江西 | 丰水 | 紫云山水库 | 04-1708:00 | 75.52 | 0.28 | 长江流域 | 江西 | 秀水 | 潘桥水库 | 04-1708:00 | 63.35 | 0.19 | 长江流域 | 江西 | 苏溪 | 上游水库 | 04-1708:00 | 78.91 | 0.08 | 长江 | 江西 | 乐安河 | 共库 | 04-1708:00 | 69.09 | 0.03 | 长江流域 | 江西 | 修河 | 大锻水库 | 04-1708:00 | 207.56 | 长江 | 江西 | 土塘水 | 大港水库 | 04-1708:00 | 65.64 | 0.05 | 长江 | 江苏 | 句容河 | 北山水库（镇江） | 04-1708:00 | 50.05 | -0.02 | 长江 | 湖北 | 荆竹河 | 荆竹 | 04-17 08:00 | 56.77 | 0.05 | 长江 | 湖北 | 坪河 | 坪 | 04-1708:00 | 64.95 | 长江 | 湖北 | 古角河 | 古角 | 04-1708:00 | 61.62 | 0.02 | 长江 | 安徽 | 长河 | 花凉亭 | 04-1708:00 | 76 | 0.05 | 长江 | 湖北 | 梅川河 | 梅川 | 04-1708:00 | 65.89 | 0.03 | 长江 | 湖北 | 戴文义河 | 仙人坝 | 04-1708:00 | 42.68 | 1.79 | 长江 | 安徽 | 杭埠河 | 龙河口（内） | 04-1708:00 | 68.24 | -0.02 | 长江 | 安徽 | 南淝河 | 董铺 | 04-1708:00 | 28.36 | 0.02
2026-04-17,2026-04-17,2026-04-17 01:16:35,18,13726,20672,820,output_mwr_ocr/2026-04-17/screens/2026-04-17_20260417_011635_screen_018.png,output_mwr_ocr/2026-04-17/ocr_json/2026-04-17_20260417_011635_screen_018.json,output_mwr_ocr/2026-04-17/ocr_txt/2026-04-17_20260417_011635_screen_018.txt,长江 | 安徽 | 襄河 | 黄栗树 | 04-1708:00 | 40.16 | 长江 | 安徽 | 清流河 | 沙河集 | 04-1708:00 | 28.88 | -0.03 | 长江流域太湖区 | 浙江 | 南苕溪 | 青山水库 | 04-1708:00 | 23.41 | -0.12 | 长江流域太湖区 | 浙江 | 余英溪 | 对河口水库 | 04-1708:00 | 43.41 | 0.31 | 长江流域太湖区 | 浙江 | 西溪 | 赋石水库 | 04-1708:00 | 74.13 | 0.04 | 长江流域太湖区 | 浙江 | 南溪 | 老石坎水库 | 04-1708:00 | 112.83 | 0.14 | 太湖 | 江苏 | 大溪水库 | 大溪水库 | 04-1708:00 | 12.76 | -0.01 | 太湖 | 江苏 | 沙河水库 | 沙河水库 | 04-1708:00 | 17.95 | 太湖 | 江苏 | 屋溪 | 横山水库 | 04-1708:00 | 28.12 | -0.02 | 浙闽台河流 | 浙江 | 富春江 | 富春江水库 | 04-1708:00 | 22.29 | -0.19 | 浙闽台河流 | 浙江 | 乌溪江 | 黄坛口水库 | 04-1708:00 | 113.24 | -0.05 | 浙闽台河流 | 浙江 | 铜山源 | 铜山源水库 | 04-1708:00 | 131.45 | 0.1 | 浙闽台河流 | 浙江 | 东阳江 | 横锦水库 | 04-1708:00 | 152.52 | 0.14 | 浙闽台河流 | 浙江 | 南江 | 南江水库 | 04-1708:00 | 197.62 | 0.11 | 浙闽台河流 | 浙江 | 新安江 | 新安江水库 | 04-17 08:00 | 98.35 | -0.03 | 浙闽台河流 | 浙江 | 开化江 | 石壁水库 | 04-17 08:00 | 83.82 | -0.02 | 浙闽台河流 | 浙江 | 陈蔡江 | 陈蔡水库 | 04-1708:00 | 76.68 | 0.06 | 浙闽台河流 | 浙江 | 新昌江 | 长诏水库 | 04-1708:00 | 114.67 | 0.07 | 浙闽台河流 | 浙江 | 南山江 | 南山水库 | 04-17 08:00 | 110.21 | 0.2 | 浙闽台河流 | 浙江 | 樟溪 | 皎口水库 | 04-1708:00 | 56.72 | 0.1 | 浙闽台河流 | 浙江 | 县江 | 横山水库 | 04-17 08:00 | 85.62 | 0.05 | 浙闽台河流 | 浙江 | 始丰溪 | 里石门水库 | 04-1708:00 | 171.54 | 0.14 | 浙闽台河流 | 浙江 | 逆溪 | 牛头山水库 | 04-1708:00 | 34.03 | 0.01 | 浙闽台河流 | 浙江 | 永宁江 | 长潭水库 | 04-1708:00 | 28.01 | 0.13 | 浙闽台河流 | 浙江 | 龙泉溪 | 紧水滩水库 | 04-17 08:00 | 175.75 | 1.52
2026-04-17,2026-04-17,2026-04-17 01:16:35,19,14488,19832,820,output_mwr_ocr/2026-04-17/screens/2026-04-17_20260417_011635_screen_019.png,output_mwr_ocr/2026-04-17/ocr_json/2026-04-17_20260417_011635_screen_019.json,output_mwr_ocr/2026-04-17/ocr_txt/2026-04-17_20260417_011635_screen_019.txt,闽江 | 福建 | 九龙溪 | 安砂水库 | 04-1708:00 | 256.91 | -0.35 | 闽江 | 福建 | 沙溪 | 沙溪口水库 | 04-17 08:00 | 85.33 | 0.37 | 闽江 | 福建 | 金溪 | 池潭水库 | 04-1708:00 | 268.77 | 0.23 | 闽江 | 福建 | 建溪 | 东溪水库 | 04-1708:00 | 261.53 | 0.39 | 闽江 | 福建 | 尤溪 | 水东水库 | 04-1708:00 | 139.3 | -0.96 | 闽江 | 福建 | 屏山溪 | 坑口水库 | 04-1708:00 | 607.02 | -0.01 | 闽江 | 福建 | 古田溪 | 古田一级水库 | 04-1708:00 | 367.72 | 0.39 | 晋江 | 福建 | 晋江东溪 | 山美水库 | 04-1708:00 | 81.83 | 0.16 | 闽东南诸河 | 福建 | 万安溪 | 万安水库 | 04-1708:00 | 343.73 | -0.18 | 闽东南诸河 | 福建 | 陈巷溪 | 活盘水库 | 04-1708:00 | 57.13 | -0.02 | 闽东南诸河 | 福建 | 船场溪 | 南一水库 | 04-1708:00 | 288.23 | -0.29 | 闽东诸河 | 福建 | 穆阳溪 | 芹山水库 | 04-1708:00 | 735.59 | 0.86 | 闽东诸河 | 福建 | 鳌江 | 山仔水库 | 04-1408:00 | 81.6 | 0.59 | 闽南诸河 | 福建 | 龙江 | 东张水库 | 04-1708:00 | 46.76 | -0.05 | 萩芦溪 | 福建 | 三叉河溪 | 东方红 | 04-1408:00 | 56.95 | -0.01 | 闽南沿海诸河 | 福建 | 延寿溪 | 东圳 | 04-1708:00 | 67.58 | 闽南沿海诸河 | 福建 | 苦溪 | 古洋 | 04-1708:00 | 100.69 | -0.03 | 闽南沿海诸河 | 福建 | 大罗溪 | 惠女水库 | 04-1708:00 | 68.14 | 0.05 | 闽东南诸河 | 福建 | 汀溪 | 汀溪水库 | 04-1708:00 | 57.53 | -0.02 | 闽东南诸河 | 福建 | 漳江 | 峰头水库 | 04-1708:00 | 61.17 | -0.15 | 闽东南诸河 | 福建 | 湖内溪 | 亚湖水库 | 04-1708:00 | 30.7 | 珠江 | 贵州 | 南盘江 | 天生桥一级 | 04-1708:00 | 752.61 | -0.2 | 珠江 | 云南 | 黄泥河 | 鲁布革 | 04-1708:00 | 1122.33 | -1.06 | 珠江 | 广东 | 罗定江 | 金银河 | 04-17 08:00 | 95.09 | -0.09 | 珠江 | 广东 | 新榕河 | 罗光 | 04-1708:00 | 280.43 | -0.21
2026-04-17,2026-04-17,2026-04-17 01:16:35,20,15251,18974,820,output_mwr_ocr/2026-04-17/screens/2026-04-17_20260417_011635_screen_020.png,output_mwr_ocr/2026-04-17/ocr_json/2026-04-17_20260417_011635_screen_020.json,output_mwr_ocr/2026-04-17/ocr_txt/2026-04-17_20260417_011635_screen_020.txt,珠江 | 广东 | 新兴江 | 合河 | 04-1708:00 | 160.56 | -0.17 | 珠江 | 广东 | 勒竹河 | 北峰山 | 04-1708:00 | 111.25 | -0.1 | 珠江 | 广东 | 罗坪水 | 朝阳 | 04-1708:00 | 119 | 0.04 | 珠江 | 广东 | 船步河 | 山 | 04-1708:00 | 186.21 | -0.01 | 珠江 | 广东 | 社圩水 | 共成 | 04-1708:00 | 73.18 | -0.1 | 珠江 | 广东 | 长利水 | 九坑河 | 04-1708:00 | 33.45 | -0.04 | 珠江 | 广东 | 锦江 | 锦江(仁化） | 04-1708:00 | 126.82 | 珠江 | 广东 | 廊田水 | 东洛 | 04-1708:00 | 302.03 | -0.09 | 北江 | 广东 | 南水 | 南水 | 04-1708:00 | 201.52 | 0.05 | 珠江 | 广东 | 大镇水 | 空子 | 04-1708:00 | 131.24 | 0.11 | 珠江 | 广东 | 潭源洞水 | 潭岭 | 04-17 08:00 | 624.76 | 0.04 | 珠江 | 广东 | 秦皇水 | 大秦 | 04-1708:00 | 62.77 | 0.18 | 珠江 | 广东 | 枫湾河 | 小坑 | 04-17 08:00 | 217.37 | 0.17 | 珠江 | 广东 | 黄洞水 | 龙须带 | 04-1708:00 | 244.77 | 0.16 | 珠江 | 广东 | 迎咀河 | 迎咀 | 04-17 08:00 | 54.29 | -0.01 | 珠江 | 广东 | 银盏河 | 银盏 | 04-1708:00 | 50.89 | 0.07 | 珠江 | 广东 | 江谷河 | 江谷 | 04-17 08:00 | 44.71 | -0.01 | 珠江 | 广东 | 东江 | 枫树坝 | 04-1708:00 | 144.32 | -0.04 | 珠江 | 广东 | 新丰江 | 新丰江 | 04-17 08:00 | 107.21 | 珠江 | 广东 | 翁江 | 长湖 | 04-1708:00 | 59.87 | -0.3 | 淮河 | 山东 | 潍河 | 峡山水库 | 04-17 08:00 | 37.27 | -0.01 | 长江 | 湖北 | 宋家港 | 石门塘水库 | 04-17 08:00 | 249.97 | 0.09 | 长江 | 湖北 | 青山河 | 青山 | 04-17 08:00 | 114.39 | 0.22 | 长江 | 湖北 | 漳河 | 烟墩 | 04-1708:00 | 119.42 | -0.02 | 淮河 | 安徽 | 淠河东源 | 磨子潭 | 04-17 08:00 | 185.89 | -0.03
2026-04-17,2026-04-17,2026-04-17 01:16:35,21,16013,18117,820,output_mwr_ocr/2026-04-17/screens/2026-04-17_20260417_011635_screen_021.png,output_mwr_ocr/2026-04-17/ocr_json/2026-04-17_20260417_011635_screen_021.json,output_mwr_ocr/2026-04-17/ocr_txt/2026-04-17_20260417_011635_screen_021.txt,长江 | 湖北 | 马家港 | 象河 | 04-1708:00 | 146.46 | 长江 | 湖北 | 小南河 | 小南河 | 04-1708:00 | 165.53 | 长江 | 湖北 | 苍龙河 | 周桥 | 04-1708:00 | 121.23 | 0.01 | 长江 | 湖北 | 沙河 | 吉河 | 04-1708:00 | 138.59 | -0.02 | 长江 | 湖北 | 沙河 | 北郊 | 04-1708:00 | 131.19 | -0.01 | 海河 | 河南 | 淇河 | 陈家院 | 04-1608:00 | 776.26 | 长江 | 湖北 | 茅塔河 | 茅塔河 | 04-1708:00 | 268.97 | 0.01 | 长江 | 湖北 | 小河 | 谭家湾 | 04-1108:00 | 541.9 | 海河 | 天津 | 引滦明渠 | 尔王庄库 | 04-1708:00 | 3.88 | 0.1 | 黄河 | 甘肃 | 蒲河 | 巴家嘴水库 | 04-17 08:00 | 1113.54 | -0.1 | 长江 | 湖北 | 水 | 清水河 | 04-1708:00 | 71.23 | 长江 | 安徽 | 青弋江 | 陈村 | 04-1708:00 | 109.44 | -0.03 | 长江 | 湖南 | 新墙河 | 铁山 | 04-1708:00 | 84.65 | 0.09 | 松花江流域 | 吉林 | 松花江吉林段 | 丰满 | 04-1708:00 | 252.57 | 0.04 | 海河 | 河北 | 忙牛河 | 窟隆山水库 | 04-1108:00 | 565.29 | 海河 | 河北 | 瀑河 | 大庆水库 | 04-1108:00 | 612.47 | 海河 | 山西 | 浊漳河西源 | 后湾水库 | 04-1108:00 | 919.58 | 黄河 | 河南 | 马涧河 | 九龙角 | 04-16 08:00 | 322.96 | 黄河 | 河南 | 马营涧 | 大沟口 | 04-1608:00 | 595.2 | 淮河 | 河南 | 马兰河 | 玉马 | 04-1608:00 | 438.6 | 长江 | 陕西 | 观音河 | 观音河 | 04-1708:00 | 463.14 | 0.02 | 长江 | 湖北 | 夏家河 | 夏家寺 | 04-1708:00 | 48.34 | 长江 | 湖北 | 泊漠河 | 泥河 | 12-2408:00 | 45.64 | 淮河 | 河南 | 贾鲁河 | 尖岗 | 04-1608:00 | 146.54 | 黄河 | 陕西 | 石头河 | 石头河 | 04-1608:00 | 782.33
2026-04-17,2026-04-17,2026-04-17 01:16:35,22,16597,17417,820,output_mwr_ocr/2026-04-17/screens/2026-04-17_20260417_011635_screen_022.png,output_mwr_ocr/2026-04-17/ocr_json/2026-04-17_20260417_011635_screen_022.json,output_mwr_ocr/2026-04-17/ocr_txt/2026-04-17_20260417_011635_screen_022.txt,淮河 | 河南 | 与三河 | 长江 | 陕西 | 观音河 | 观音河 | 04-1708:00 | 463.14 | 0.02 | 长江 | 湖北 | 夏家河 | 夏家寺 | 04-1708:00 | 48.34 | 长江 | 湖北 | 泊漠河 | 泥河 | 12-2408:00 | 45.64 | 淮河 | 河南 | 贾鲁河 | 尖岗 | 04-1608:00 | 146.54 | 黄河 | 陕西 | 石头河 | 石头河 | 04-1608:00 | 782.33 | 淮河 | 河南 | 泼陂河 | 泼河 | 04-1708:00 | 77.37 | 0.01 | 黄河 | 陕西 | 榆溪河 | 红石峡库 | 04-1108:00 | 1088.61 | 黄河 | 陕西 | 千河 | 段家峡 | 04-1108:00 | 1080.58 | 黄河 | 陕西 | 千河 | 王家崖 | 04-1108:00 | 601.76 | 黄河 | 山东 | 玉符河 | 卧虎山水库 | 04-1108:00 | 128.32 | 淮河 | 山东 | 潍河 | 墙齐水库（东库） | 04-1108:00 | 98.32 | 淮河 | 山东 | 汶河 | 牟山水库 | 04-1108:00 | 75.74 | 淮河 | 山东 | 黄水河 | 王屋水库 | 04-1108:00 | 71.26 | 淮河 | 河南 | 十字江 | 王堂 | 04-1608:00 | 97.08 | 淮河 | 河南 | 泼陂河 | 长洲河 | 04-1608:00 | 156.54 | 淮河 | 河南 | 象河 | 霍庄 | 04-1608:00 | 108.55 | 淮河 | 河南 | 陶家河 | 铁佛寺 | 04-1608:00 | 101.41 | 淮河 | 山东 | 沂河 | 跋山水库 | 04-1108:00 | 176.25 | 淮河 | 山东 | 西皋河 | 昌里水库 | 04-1308:00 | 192.08 | 淮河 | 山东 | 袁公河 | 小仕阳水库 | 04-11 08:00 | 151.74 | 淮河 | 山东 | 大沙河 | 西苇水库 | 04-1108:00 | 103.3 | 长江 | 河南 | 梁河 | 三山 | 04-16 08:00 | 190.85 | 内陆河 | 甘肃 | 洪水河 | 双树寺水库 | 04-1708:00 | 2478.02 | -0.13 | 长江 | 陕西 | 旬河 | 钟家坪 | 04-16 08:00 | 246.2
