reservoir_id,reservoir_name,date,"level (water level, m)","storage (live storage, TMC)",storage_pct (% of design capacity),inflow (cusec),outflow (cusec)
IN_APWRIMS_adavipalli_reservoir_78ae5c1e,ADAVIPALLI RESERVOIR,2026-06-07,477.439,0.396,27.89,0,0
IN_APWRIMS_adinimmayapalli_anicut_78ae5db8,ADINIMMAYAPALLI ANICUT,2026-06-07,125.742,0,,0,0
IN_APWRIMS_alaganuru_balancing_reservoir_0e6be4a2,ALAGANURU BALANCING RESERVOIR,2026-06-07,248.497,0,0,0,0
IN_APWRIMS_andra_reservoir_0ee778a9,ANDRA RESERVOIR,2026-06-07,142.07,0.476,48.57,24,24
IN_APWRIMS_araniar_reservoir_aa64b669,ARANIAR RESERVOIR,2026-06-07,83.729,1.064,57.51,0,90
IN_APWRIMS_badvel_tank_78adc592,BADVEL TANK,2026-06-07,142.646,0.8,58.82,0,0
IN_APWRIMS_bahuda_reservoir_bc72176a,BAHUDA RESERVOIR,2026-06-07,609.63,0.1551,38.77,0,5
IN_APWRIMS_bhairavanithippa_project_d5e80539,BHAIRAVANITHIPPA PROJECT,2026-06-07,499.354,0.19,9.5,20,20
IN_APWRIMS_bhupatipalem_reservoir_2648f159,BHUPATIPALEM RESERVOIR,2026-06-07,202.149,0.527,81.71,0,0
IN_APWRIMS_brahmamsagar_reservoir_3a4daec9,BRAHMAMSAGAR RESERVOIR,2026-06-07,206.328,10.168,57.32,0,54
IN_APWRIMS_buggavagu_bc71b068,BUGGAVAGU,2026-06-07,142.403,2.646,76.47,6300,6382
IN_APWRIMS_buggavanka_reservoir_001ef564,BUGGAVANKA RESERVOIR,2026-06-07,177.79,0.13,25.49,0,15
IN_APWRIMS_chagallu_balancing_reservoir_0baf751c,CHAGALLU BALANCING RESERVOIR,2026-06-07,262.897,0.5446,57.33,0,40
IN_APWRIMS_chennaraya_swami_gudi_project_d8a1e0fc,CHENNARAYA SWAMI GUDI PROJECT,2026-06-07,586.161,0.1227,72.18,0,0
IN_APWRIMS_cherlopalli_reservoir_d47c97a8,Cherlopalli Reservoir,2026-06-07,591.75,0.485,30.12,0,10
IN_APWRIMS_chitravati_balancing_reservoir_7e103cea,CHITRAVATI BALANCING RESERVOIR,2026-06-07,292.834,4.929,48.18,0,240
IN_APWRIMS_cum_bum_tank_7d3fce4b,CUM BUM TANK,2026-06-07,201.351,1.65,55.93,0,55
IN_APWRIMS_damodaram_sagaram_089338af,DAMODARAM SAGARAM,2026-06-07,48.768,0.02,33.33,110,100
IN_APWRIMS_donkarayi_reservoir_2de9e7fe,Donkarayi Reservoir,2026-06-07,313.334,13.879,84.06,1714,3988
IN_APWRIMS_gajjiligedda_reservoir_219808bd,GAJJILIGEDDA RESERVOIR,2026-06-07,96.012,0.014,28,0,0
IN_APWRIMS_gajuladinne_project_48384eca,GAJULADINNE PROJECT,2026-06-07,373.948,2.0515,45.59,0,120
IN_APWRIMS_gandikota_reservoir_b1651343,GANDIKOTA RESERVOIR,2026-06-07,210.264,19.868,74,0,170
IN_APWRIMS_gandipalem_reservoir_project_dac92ec0,GANDIPALEM RESERVOIR PROJECT,2026-06-07,140.056,0.304,16.17,0,10
IN_APWRIMS_goddamvaripalli_sr3_78ade112,GODDAMVARIPALLI SR3,2026-06-07,249,0.2,66.67,0,0
IN_APWRIMS_goddumarri_anicut_78ade252,GODDUMARRI ANICUT,2026-06-07,259.01,0,0,0,0
IN_APWRIMS_gonelavagu_reservoir_37df32d4,GONELAVAGU RESERVOIR,2026-06-07,99.06,0.192,10.85,0,6
IN_APWRIMS_gorakkalu_balancing_reservior_1c1a0760,GORAKKALU BALANCING RESERVIOR,2026-06-07,237.131,2.675,24.32,0,30
IN_APWRIMS_gotta_barrage_129ef2e7,GOTTA BARRAGE,2026-06-07,33.708,0.038,5.74,250,250
IN_APWRIMS_gundlakamma_reservoir_f03b0998,GUNDLAKAMMA RESERVOIR,2026-06-07,23.174,2.716,70.36,0,0
IN_APWRIMS_hiramandalam_reservoir_88810ce5,HIRAMANDALAM RESERVOIR,2026-06-07,45.11,2.674,26.74,0,0
IN_APWRIMS_jalleru_reservoir_fe6aeb9c,JALLERU RESERVOIR,2026-06-07,209.699,0.167,30.93,0,0
IN_APWRIMS_jeedipalli_reservoir_f47bcc5a,JEEDIPALLI RESERVOIR,2026-06-07,457.389,0.438,26.06,0,20
IN_APWRIMS_kalangi_reservoir_e3b8a981,KALANGI RESERVOIR,2026-06-07,60.838,0.003,1.25,0,1
IN_APWRIMS_kalingadal_project_6debdff4,KALINGADAL PROJECT,2026-06-07,68.748,0.02,13.33,0,0
IN_APWRIMS_kalyani_dam_d89c4ec1,KALYANI DAM,2026-06-07,266.913,0.397,43.63,0,10
IN_APWRIMS_kandaleru_reservoir_04affbff,KANDALERU RESERVOIR,2026-06-07,77.55,37.32,54.86,0,2475
IN_APWRIMS_kanigiri_reservoir_19a1219a,KANIGIRI RESERVOIR,2026-06-07,29.328,2.432,70.49,1200,1485
IN_APWRIMS_konam_reservoir_1a361403,KONAM RESERVOIR,2026-06-07,86.978,0.017,2,0,0
IN_APWRIMS_kovvadakalva_reservoir_b7629dc4,KOVVADAKALVA RESERVOIR,2026-06-07,80.504,0.02,4.55,0,0
IN_APWRIMS_krishnagiri_reservoir_78ae63d0,KRISHNAGIRI RESERVOIR,2026-06-07,365.117,0.013,8.12,0,0
IN_APWRIMS_krishnapuram_project_fd8d84e2,KRISHNAPURAM PROJECT,2026-06-07,206.499,0.006,3,0,0
IN_APWRIMS_lower_sagileru_ani_cut_022ebbcc,LOWER SAGILERU ANI CUT,2026-06-07,155.753,0.11,64.71,0,0
IN_APWRIMS_madduvalasa_project_20f6ac7e,MADDUVALASA PROJECT,2026-06-07,62.261,1.268,37.63,0,0
IN_APWRIMS_mallimadugu_bc720982,MALLIMADUGU,2026-06-07,105.156,0.005,2.78,0,0
IN_APWRIMS_marala_reservoir_85ddf356,Marala Reservoir,2026-06-07,440.643,0.278,57.92,0,20
IN_APWRIMS_mehadrigadd_reservoir_e964c4dd,MEHADRIGADD RESERVOIR,2026-06-07,15.911,0.335,28.63,0,14.82
IN_APWRIMS_mid_pennar_reservoir_f29b32d3,MID PENNAR RESERVOIR,2026-06-07,346.253,0.22,4.26,0,5
IN_APWRIMS_mopadu_reservoir_project_a4086f01,MOPADU RESERVOIR PROJECT,2026-06-07,92.226,0,0,0,0
IN_APWRIMS_muniyeru_project_418aa16b,MUNIYERU PROJECT,2026-06-07,65.279,0,0,0,0
IN_APWRIMS_musurimalli_bc715334,MUSURIMALLI,2026-06-07,110.49,0.215,13.44,20,135
IN_APWRIMS_mylavaram_pennar_reservoir_1a837a05,MYLAVARAM(PENNAR) RESERVOIR,2026-06-07,194.25,2.427,37.34,0,479
IN_APWRIMS_nagarjuna_sagar_cdad2a5e,NAGARJUNA SAGAR,2026-06-07,158.161,147.2775,47.2,7483,7483
IN_APWRIMS_narayanapuram_anicut_3f7ccade,NARAYANAPURAM ANICUT,2026-06-07,0,0,,230,200
IN_APWRIMS_nellore_tank_4d351fe8,NELLORE TANK,2026-06-07,20.117,0.525,62.8,320,0
IN_APWRIMS_ntr_jalasayam_ec1a0760,NTR Jalasayam,2026-06-07,293.224,0.068,61.82,0,0
IN_APWRIMS_ntr_reservoir_db007f1f,NTR RESERVOIR,2026-06-07,103.632,0,0,0,0
IN_APWRIMS_paidipalem_balancing_reservoir_78ae1628,PAIDIPALEM BALANCING RESERVOIR,2026-06-07,268.648,3.024,50.4,0,115
IN_APWRIMS_paleru_bitragunta_anicut_78ae6524,PALERU BITRAGUNTA ANICUT,2026-06-07,10.973,0.01,2.7,0,0
IN_APWRIMS_pampa_reservoir_3c11003b,PAMPA RESERVOIR,2026-06-07,25.969,0.031,7.38,7,0
IN_APWRIMS_pathikonda_reservoir_78ae665a,PATHIKONDA RESERVOIR,2026-06-07,136.611,0.698,61.99,0,10
IN_APWRIMS_peddagedda_reservoir_7ab12b05,PEDDAGEDDA RESERVOIR,2026-06-07,210.3,0.592,55.33,10,10
IN_APWRIMS_pedderu_reservoir_11865ac5,PEDDERU RESERVOIR,2026-06-07,133.399,0.214,59.44,0,0
IN_APWRIMS_pedderu_reservoir_project_438c98a8,PEDDERU RESERVOIR PROJECT,2026-06-07,479.527,0.4587,81.91,0,1
IN_APWRIMS_pendekallu_reservoir_6c7f0a4f,PENDEKALLU RESERVOIR,2026-06-07,254.484,0.334,51.38,0,0
IN_APWRIMS_penna_ahobilam_balancing_reservoir_1c20cc80,PENNA AHOBILAM BALANCING RESERVOIR,2026-06-07,428.143,2.208,40.15,0,130
IN_APWRIMS_pennar_kumudwathi_project_anicut_78ae68da,PENNAR KUMUDWATHI PROJECT (ANICUT),2026-06-07,185.949,0,,0,0
IN_APWRIMS_pincha_project_ee847fd6,PINCHA PROJECT,2026-06-07,299.817,0.0882,26.97,5,16
IN_APWRIMS_pulichinthala_project_52f0e841,PULICHINTHALA PROJECT,2026-06-07,50.399,32.0877,70.11,0,400
IN_APWRIMS_raiwada_reservoir_53a12642,RAIWADA RESERVOIR,2026-06-07,105.878,1.301,36.14,64,168
IN_APWRIMS_rallapadu_reservoir_5e347ef6,RALLAPADU RESERVOIR,2026-06-07,37.832,0.335,30.28,0,22
IN_APWRIMS_rama_thirtham_72bbeb08,RAMA THIRTHAM,2026-06-07,79.498,0.713,45.44,752,0
IN_APWRIMS_sangam_anicut_barrge_16ae6e6a,SANGAM ANICUT / BARRGE,2026-06-07,34.205,0.386,85.78,3590,3590
IN_APWRIMS_sarvaraja_sagar_78ae2974,SARVARAJA SAGAR,2026-06-07,191.8,0.528,49.81,0,40
IN_APWRIMS_sarvepalli_reservoir_5bba311b,SARVEPALLI RESERVOIR,2026-06-07,7.535,1.161,66.72,300,300
IN_APWRIMS_sileru_guntawada_reservoir_efdbd08c,Sileru (Guntawada) Reservoir,2026-06-07,410.108,1.744,40.56,3270,814
IN_APWRIMS_sir_aurthur_cotton_barrage_06d4797e,SIR AURTHUR COTTON BARRAGE,2026-06-07,13.99,2.93,100,8300,8300
IN_APWRIMS_somasila_reservoir_0f512470,Somasila Reservoir,2026-06-07,95.125,44.254,56.74,0,4811
IN_APWRIMS_srinivasapuram_reservoir_hnss_78ae6b6e,SRINIVASAPURAM RESERVOIR (HNSS),2026-06-07,415,0.032,3.14,0,0
IN_APWRIMS_srisailam_r_cdad2e1e,SRISAILAM R,2026-06-07,249.54,39.8494,18.47,0,0
IN_APWRIMS_subbareddy_sagar_eb761fe7,SUBBAREDDY SAGAR,2026-06-07,72.241,0,0,0,0
IN_APWRIMS_subsidiary_reservoir_i_bc72203e,SUBSIDIARY RESERVOIR -I,2026-06-07,214.072,0.7658,35.95,0,21
IN_APWRIMS_subsidiary_reservoir_ii_bc7228d6,SUBSIDIARY RESERVOIR -II,2026-06-07,214.457,1.049,42.82,0,22
IN_APWRIMS_sunkesula_barrage_2c01a0fd,SUNKESULA BARRAGE,2026-06-07,291.998,1.2,100,2400,2280
IN_APWRIMS_surempalem_reservoir_8a964e98,SUREMPALEM RESERVOIR,2026-06-07,99.298,0.037,13.21,0,10
IN_APWRIMS_swarnamukhi_barrage_cum_bridge_1765fa8a,SWARNAMUKHI BARRAGE CUM BRIDGE,2026-06-07,8.001,0.03,75,0,0
IN_APWRIMS_tammileru_reservoir_586ceeb9,TAMMILERU RESERVOIR,2026-06-07,99.06,0.108,8.78,0,0
IN_APWRIMS_tandava_reservoir_d61f5d35,TANDAVA RESERVOIR,2026-06-07,114.148,4.006,80.77,40,59
IN_APWRIMS_thatipudi_reservoir_eeb82fe7,THATIPUDI RESERVOIR,2026-06-07,88.179,2.48,74.47,25,25
IN_APWRIMS_thimmapuram_sr1_78ae40b2,THIMMAPURAM SR1,2026-06-07,219.7,0.222,74,0,0
IN_APWRIMS_thotapalli_regulator_barrage_cb4a8d34,THOTAPALLI REGULATOR / BARRAGE,2026-06-07,103.281,1.525,60.28,406,290
IN_APWRIMS_tungabadra_dam_b9c3f2e2,TUNGABADRA DAM,2026-06-07,484.202,9.895,9.35,0,311
IN_APWRIMS_upper_pennar_bc723128,UPPER PENNAR,2026-06-07,524.957,0,0,0,0
IN_APWRIMS_vamikonda_sagar_reservoir_78ae4724,VAMIKONDA SAGAR RESERVOIR,2026-06-07,196.34,0.775,48.44,0,25
IN_APWRIMS_varadarajaswamy_gudi_project_89fabc06,VARADARAJASWAMY GUDI PROJECT,2026-06-07,354.998,0.0277,7.29,0,0
IN_APWRIMS_varaha_reservoir_79562fd0,VARAHA RESERVOIR,2026-06-07,137.495,0.11,23.4,0,0
IN_APWRIMS_vattigedda_reservoir_b972c684,VATTIGEDDA RESERVOIR,2026-06-07,112.166,0.118,12.29,0,0
IN_APWRIMS_veera_raghavani_kota_anicut_78ae6cfe,VEERA RAGHAVANI KOTA ANICUT,2026-06-07,19.202,0,0,0,0
IN_APWRIMS_veligallu_reservoir_32e583e8,VELIGALLU RESERVOIR,2026-06-07,416.848,3.42,73.71,0,0
IN_APWRIMS_velogodu_balancing_reservoir_9e2cb9f8,VELOGODU BALANCING RESERVOIR,2026-06-07,251.969,2.277,13.43,0,160
IN_APWRIMS_vengalraya_sagaram_57b13ab7,VENGALRAYA SAGARAM,2026-06-07,155,0.505,30.06,0,0
IN_APWRIMS_vijayarai_anicut_f455494b,VIJAYARAI ANICUT,2026-06-07,25.228,0,,0,0
IN_APWRIMS_yeleru_reservoir_2047859b,YELERU RESERVOIR,2026-06-07,75.929,9.15,37.95,89,295
IN_APWRIMS_yellanur_sr2_78ae56f6,YELLANUR SR2,2026-06-07,236.391,0.238,76.77,0,0
IN_APWRIMS_yerrakalva_reservoir_b0eda010,YERRAKALVA RESERVOIR,2026-06-07,79.559,2.08,46.95,0,0
IN_APWRIMS_yogi_vemana_maddileru_reservoir_5f99ff1c,YOGI VEMANA (MADDILERU) RESERVOIR,2026-06-07,376.672,0.243,27,0,10
IN_APWRIMS_zurreru_reservoir_901e15e0,ZURRERU RESERVOIR,2026-06-07,260.116,0.11,42.31,0,0
